1,Laurice,Liveley,Gheorghe,51366687027,Femenino,1965-06-08,LIGL650608E69,2015-12-31,2019-12-16,5576615900,33262,09:00 a. m.,vigilancia
2,Manny,Downing,MacLardie,68720281852,Femenino,1962-05-11,DOMM620511QH0,2016-04-23,2019-01-23,5304807400,62247,10:00 a. m.,limpieza
3,Madge,Nuscha,Andreu,62365978231,Femenino,1998-01-01,NUAM980101GZ0,2015-11-19,2020-05-27,5627131900,98545,08:00 a. m.,limpieza
4,Kliment,Ramas,Kivlin,40469609061,Femenino,1990-03-09,RAKK9003098U8,2015-11-19,2018-08-15,5570164700,29738,10:00 a. m.,vigilancia
5,Devora,Kipling,Mandres,50529492908,Femenino,1988-06-10,KIMD880610SK3,2016-09-14,2018-08-10,5100967900,56314,07:00 a. m.,vigilancia
6,Red,Braiden,Hatherill,43542948568,Femenino,1983-01-08,BAHR830108BP8,2017-04-22,2020-07-29,5270357500,80038,09:00 a. m.,vigilancia
7,Frayda,Rodenhurst,Batterton,52208673975,Femenino,1983-02-27,ROBF830227AQA,2017-05-28,2019-11-16,5531340800,84251,08:00 a. m.,rrepartidores
8,Amargo,Rembrant,Everly,55570710795,Femenino,1984-06-15,REEA8406152D7,2016-07-06,2018-01-10,5467896800,57481,07:00 a. m.,capacitacion
9,Rochester,Swaddle,Rothert,83198400066,Masculino,1978-05-15,SARR780515M51,2016-04-04,2021-08-08,5633685500,66141,10:00 a. m.,rrepartidores
10,Annaliese,Hovel,Matthis,48860588974,Femenino,1987-05-26,HOMA870526J77,2017-07-10,2019-08-13,5318171600,91576,07:00 a. m.,rrepartidores
11,Daloris,Bratton,Minifie,59996753977,Femenino,1999-09-01,BAMD9909013A5,2017-09-07,2021-01-13,5377785300,59785,07:00 a. m.,vigilancia
12,Sioux,McMenamin,Lainge,83791415422,Femenino,1998-06-17,MELS980617JH7,2017-07-23,2019-04-09,5732480000,91821,07:00 a. m.,almacen
13,Fredrika,Bagnold,Foden,44788413267,Masculino,1982-05-24,BAFF820524EG7,2017-03-09,2020-02-13,5485210100,22534,08:00 a. m.,rrepartidores
14,Towney,Boxell,McAllester,51502082322,Masculino,1965-12-27,BOMT6512274B7,2015-12-16,2019-06-06,5435669500,66332,09:00 a. m.,capacitacion
15,Nikki,Ewert,Osbaldeston,35751935285,Femenino,1988-10-19,EEON881019QK6,2017-04-02,2021-03-20,5278793200,51149,10:00 a. m.,vigilancia
16,Moira,Tarrant,MacAllen,45480316735,Masculino,1990-02-02,TAMM900202A83,2016-04-23,2021-11-05,5883497000,13442,08:00 a. m.,rrepartidores
17,Sherry,Desforges,Heinssen,73216698736,Masculino,1989-04-25,DEHS8904252P8,2016-02-27,2018-05-08,5429265900,57868,09:00 a. m.,almacen
18,Dallas,Broom,Wurst,86400774419,Femenino,1997-11-21,BOWD9711212N3,2016-04-01,2018-05-25,5655122400,28594,09:00 a. m.,vigilancia
19,Arlin,Tummons,Lownsbrough,85475977381,Masculino,1973-11-20,TULA731120236,2015-12-07,2017-11-18,5122794000,67664,07:00 a. m.,limpieza
21,Wendie,Cleere,Hughes,48500716383,Femenino,1976-11-24,CEHW7611249P8,2017-01-21,2020-06-19,5641586200,26559,09:00 a. m.,capacitacion
22,Auberon,Benallack,McTeggart,62543902609,Masculino,1965-07-28,BEMA650728MG6,2017-04-17,2020-05-31,5195218400,17438,09:00 a. m.,capacitacion
23,Mauricio,Babon,Skuse,87670289016,Femenino,2002-02-14,BASM020214PL8,2015-11-20,2019-01-08,5839433200,85154,07:00 a. m.,supervision
24,Gerti,Friend,Collcott,99455848757,Masculino,1971-09-20,FICG710920Q48,2016-05-04,2021-03-06,5456868400,39443,07:00 a. m.,vigilancia
25,Hilton,Lenham,Metcalf,78543336790,Femenino,1965-08-14,LEMH650814TL7,2016-08-21,2020-06-18,5271497700,90727,09:00 a. m.,tienda
26,Thayne,Flanders,Stretton,72528464085,Masculino,1966-05-21,FAST6605216Y9,2016-11-24,2020-07-19,5653939200,32691,10:00 a. m.,supervision
27,Artur,Scourgie,Swinn,70012978433,Masculino,1968-09-09,SOSA6809091Q3,2017-07-08,2019-05-03,5443192300,81274,10:00 a. m.,almacen
28,Marice,Sotworth,Brehaut,91458144740,Femenino,1966-10-25,SOBM6610257C8,2016-09-27,2020-09-09,5613385200,63067,08:00 a. m.,capacitacion
29,Brittne,Brosio,Helversen,44733875108,Masculino,1990-01-21,BOHB900121QV4,2016-04-05,2018-04-07,5749149200,62409,07:00 a. m.,limpieza
31,Shane,Knapman,Willerstone,77579660102,Femenino,1980-05-27,KAWS800527U77,2016-07-15,2019-09-08,5170374700,40283,09:00 a. m.,tienda
32,Alys,Cannan,Tregenna,62156530168,Femenino,1995-10-14,CATA951014TA3,2017-04-05,2019-07-17,5176335900,40085,09:00 a. m.,limpieza
33,Catlee,Ilem,Bog,82188336104,Femenino,1982-05-28,IEBC820528M86,2016-07-11,2020-08-05,5604309000,16295,09:00 a. m.,supervision
34,Zia,Grinnell,Labb,76552794304,Masculino,1996-05-04,GILZ960504KW4,2017-09-19,2019-08-13,5239039500,70326,07:00 a. m.,limpieza
35,Madlen,Machent,Sellek,46624437075,Masculino,1963-08-06,MASM630806EF1,2016-06-05,2019-04-28,5797076500,99323,08:00 a. m.,capacitacion
36,Griffy,Winthrop,Tichner,80050942068,Masculino,1974-11-13,WITG7411139QA,2016-05-03,2019-02-22,5870654000,73978,08:00 a. m.,capacitacion
37,Ahmad,Beven,Stiling,89119333771,Masculino,1964-09-18,BESA640918MK1,2017-10-28,2019-03-22,5690771500,19748,07:00 a. m.,almacen
38,Walther,Luckett,Andreu,38275899349,Femenino,1992-10-08,LUAW921008CY4,2015-11-21,2018-02-18,5621844000,77166,07:00 a. m.,limpieza
39,Reed,Stanett,Beany,79006805566,Masculino,1985-06-21,SABR850621EX7,2017-08-21,2020-08-30,5936344600,26160,10:00 a. m.,capacitacion
40,Natala,Geer,Da Costa,67321716207,Masculino,2001-03-19,GEDN0103193T6,2017-01-18,2019-03-17,5321042400,23941,10:00 a. m.,capacitacion
41,Nathaniel,Camelli,Selesnick,61709741397,Masculino,1999-08-08,CASN990808DQ4,2016-02-06,2020-12-09,5237858800,57318,10:00 a. m.,supervision
42,Jillene,Overall,Phelit,39637387761,Masculino,1978-06-23,OEPJ780623M11,2017-01-16,2018-12-10,5729475600,42176,06:00 a. m.,capacitacion
43,Faber,Clace,McGiffin,39956852964,Masculino,1993-10-01,CAMF931001FI4,2017-03-27,2020-07-05,5737615400,42350,07:00 a. m.,vigilancia
44,Friedrich,Bichard,Barke,72501962845,Masculino,1984-01-25,BIBF840125JV0,2017-07-11,2020-04-14,5944643600,39542,09:00 a. m.,limpieza
45,Taber,Carpenter,Fredi,86566476408,Femenino,1989-04-16,CAFT890416EG0,2016-02-17,2021-04-02,5151859700,72298,06:00 a. m.,vigilancia
46,Barnaby,Alastair,Albrighton,91780168950,Femenino,1996-10-17,AAAB961017689,2016-04-07,2021-04-15,5774938100,54874,07:00 a. m.,almacen
47,Wilton,Simonetti,Pykett,54406876968,Femenino,1974-11-19,SIPW741119KR0,2017-03-07,2021-02-15,5209388500,13242,10:00 a. m.,capacitacion
48,Libby,Issacoff,Stockau,57612307264,Masculino,1982-09-16,IASL820916TW0,2016-02-13,2020-11-22,5539444700,88628,07:00 a. m.,tienda
49,Ursuline,Hawkins,Churchward,69310792354,Masculino,1981-06-18,HACU810618DP7,2017-07-12,2019-04-29,5912119300,99714,06:00 a. m.,supervision
50,Alic,Haccleton,Hanmore,35840362134,Femenino,1967-05-16,HAHA670516529,2017-04-07,2021-05-23,5516140500,25810,07:00 a. m.,capacitacion
51,Nealy,Culbard,Moulds,95851307707,Masculino,1984-04-19,CUMN840419R95,2016-06-15,2018-03-24,5730978300,62873,08:00 a. m.,rrepartidores
52,Lorant,Gooke,Randlesome,87871824380,Femenino,1993-08-03,GORL930803PB7,2017-06-15,2021-02-24,5352970200,23908,08:00 a. m.,almacen
53,Gwendolen,Hildrew,Castenda,87107052784,Masculino,1968-09-05,HICG6809058T7,2016-02-13,2021-07-19,5595688400,85539,10:00 a. m.,tienda
54,Filbert,Ciobutaru,Calafate,85167842992,Femenino,1996-02-24,CICF960224U77,2017-07-06,2018-12-08,5773825500,33597,09:00 a. m.,vigilancia
55,Gibby,Coales,Solley,85273959033,Femenino,1998-02-03,COSG980203Q21,2016-10-19,2017-11-26,5347758100,19329,09:00 a. m.,supervision
56,Elwood,Ritzman,Vina,37106063312,Femenino,1989-10-13,RIVE891013R58,2016-02-13,2020-08-28,5159453200,23321,07:00 a. m.,vigilancia
57,Anderea,Bowlas,Wooland,39043919081,Femenino,1990-05-22,BOWA9005227I8,2016-06-28,2019-08-26,5514094600,40229,07:00 a. m.,tienda
58,Hailee,Lohering,Oleshunin,63404672887,Masculino,2000-12-27,LOOH001227JQ2,2016-02-26,2021-04-11,5660556800,85771,06:00 a. m.,vigilancia
20,Evonne,Greenan,Bennett,52439287172,Femenino,1982-01-27,GEBE820127LD0,2016-01-23,2021-04-18,5183729700,5000,08:00 a. m.,tienda
59,Matelda,Wegenen,Lasselle,78835890153,Femenino,1966-12-18,WELM661218QD7,2016-11-12,2019-08-06,5748887600,68841,07:00 a. m.,limpieza
60,Marv,Fowlestone,Slocum,80154870118,Femenino,1994-08-06,FOSM940806RV8,2016-06-24,2019-03-31,5133976100,25728,09:00 a. m.,almacen
61,Brigid,Cancellieri,Grigoryev,67382095896,Femenino,1994-07-12,CAGB940712KU6,2016-07-10,2018-05-07,5784710100,42208,07:00 a. m.,tienda
62,Willa,Dessant,Priscott,38744515785,Masculino,1968-02-07,DEPW680207Q74,2017-09-21,2020-10-25,5311320600,95454,10:00 a. m.,vigilancia
63,Rena,Dwerryhouse,Madgewick,36127056664,Femenino,1981-07-13,DEMR8107136D3,2017-01-12,2020-12-06,5303284700,66956,10:00 a. m.,capacitacion
64,Raphaela,Sibbs,Potten,76826596638,Femenino,1975-08-01,SIPR7508012S8,2016-08-16,2019-10-27,5363081700,94661,06:00 a. m.,limpieza
65,Fidelia,Grenville,Langstaff,99768615945,Femenino,1987-09-08,GELF8709087Q1,2017-01-22,2020-03-07,5900182000,58878,06:00 a. m.,rrepartidores
66,Giralda,Seven,Sandiland,62191010657,Masculino,1995-08-10,SESG9508104M0,2016-04-27,2021-03-16,5347286000,39943,07:00 a. m.,vigilancia
67,Osmund,Mendel,Ransbury,56068273169,Femenino,1997-01-22,MERO970122S99,2017-01-09,2019-04-10,5832561700,48674,09:00 a. m.,vigilancia
68,Moselle,Bury,Knight,47418149592,Femenino,1963-10-23,BUKM631023EV9,2017-09-17,2017-12-24,5143738400,96314,08:00 a. m.,limpieza
69,Mohammed,McAllester,Persitt,57166880811,Masculino,1975-01-15,MAPM750115CI4,2017-01-13,2021-08-12,5647829000,39075,08:00 a. m.,rrepartidores
70,Corey,Tutill,Thickens,94878245676,Masculino,1999-05-27,TUTC990527N72,2017-09-03,2019-10-12,5688955400,78073,07:00 a. m.,supervision
71,Avram,Pinner,Viste,82704017594,Masculino,1984-07-31,PIVA8407319U5,2017-04-27,2021-10-03,5305262100,18742,10:00 a. m.,supervision
72,Rawley,Jerrold,Tidbald,99261250185,Femenino,1981-06-12,JETR810612KEA,2016-12-26,2018-10-05,5523790800,14091,06:00 a. m.,limpieza
73,Terencio,Baptie,Spur,43427048831,Masculino,1980-06-08,BAST800608HQ6,2017-04-26,2021-03-07,5483682800,43300,09:00 a. m.,rrepartidores
74,Rand,Andrichak,Wrangle,70100956822,Femenino,1994-12-16,AIWR941216A83,2016-01-20,2020-12-27,5178160600,78260,08:00 a. m.,vigilancia
75,Walton,Fishbourne,Titman,55879138266,Femenino,1995-06-06,FITW950606BE7,2016-11-15,2019-02-18,5812517900,46383,06:00 a. m.,almacen
76,Adolph,Troucher,Tzar,66379324918,Masculino,1996-05-08,TOTA960508PI5,2016-09-03,2018-01-26,5670109700,55231,06:00 a. m.,limpieza
77,Tobye,Gard,Rossey,61107416583,Masculino,1977-12-23,GART7712234Q4,2017-06-17,2018-08-13,5163830300,69472,06:00 a. m.,almacen
78,Othelia,Wilder,O'Hear,82649220796,Masculino,2001-10-17,WIOO011017CU4,2017-02-24,2019-12-20,5095688200,62760,10:00 a. m.,supervision
79,Nataline,Norvel,Van der Hoven,73581967055,Femenino,1993-03-10,NODN930310MX9,2015-12-18,2021-08-30,5476075500,61796,09:00 a. m.,supervision
80,Ysabel,Quinton,Nuttall,51826947430,Masculino,1974-02-06,QUNY740206TP7,2016-10-09,2018-02-05,5770735600,69633,07:00 a. m.,supervision
81,Sherlock,Bertomier,Byrkmyr,88723108976,Masculino,1979-06-15,BEBS790615GS1,2017-03-23,2020-10-19,5585850900,33203,08:00 a. m.,almacen
82,Rodie,Chaize,Oppy,96561523187,Femenino,1979-01-25,CAOR790125M18,2016-05-11,2020-10-26,5512932400,29824,06:00 a. m.,tienda
83,Burton,Fowells,Orrocks,41661035011,Femenino,1969-01-03,FOOB690103F51,2017-11-15,2021-04-13,5722703400,79691,10:00 a. m.,limpieza
84,Knox,Lye,Iremonger,79208199131,Masculino,1986-08-13,LEIK860813LW2,2016-05-07,2019-11-25,5258826200,18346,06:00 a. m.,rrepartidores
85,Alikee,Pilbeam,Akram,82262198258,Masculino,1963-10-18,PIAA631018CC0,2015-12-13,2018-06-01,5774640100,65321,07:00 a. m.,tienda
86,Alfredo,Darthe,Vidgeon,82255350698,Masculino,1975-04-06,DAVA750406IP3,2016-09-25,2019-01-26,5208502300,81531,10:00 a. m.,almacen
87,Teresita,MacTurlough,Doe,95818502875,Masculino,1962-04-01,MADT6204015W6,2017-06-22,2017-11-22,5797291500,18214,10:00 a. m.,capacitacion
88,Ruby,Peat,Aimable,54399418643,Femenino,1981-07-28,PEAR810728DV3,2016-09-16,2018-11-16,5743265800,75970,08:00 a. m.,capacitacion
89,Viviene,Kivelhan,Renard,81783963622,Masculino,1964-11-11,KIRV6411115W5,2017-01-10,2020-07-17,5649556000,99773,09:00 a. m.,supervision
90,Romy,Wyss,Deal,99960243230,Masculino,1967-07-05,WDRA670705N38,2017-02-17,2019-03-11,5757862900,84989,10:00 a. m.,supervision
91,Tabbie,Selliman,Spare,72024151531,Femenino,1997-10-06,SEST971006I86,2016-08-16,2020-09-28,5475285500,48993,07:00 a. m.,tienda
92,Keane,Spikins,Braidford,85403813470,Masculino,1992-04-25,SIBK920425LC3,2016-04-08,2017-11-28,5622582800,64076,09:00 a. m.,capacitacion
93,Brandtr,Ready,Tamas,49083113522,Femenino,2000-08-09,RETB000809KE0,2016-02-27,2019-07-20,5410084400,19630,06:00 a. m.,limpieza
94,Danielle,Blaszkiewicz,Burgh,73327939822,Femenino,1961-08-24,BABD610824GQ7,2017-10-05,2020-01-29,5459404800,92779,08:00 a. m.,rrepartidores
95,Wadsworth,Domingues,Arkwright,61986629276,Masculino,1997-07-21,DOAW9707216N0,2017-07-31,2021-01-27,5401547300,78217,06:00 a. m.,almacen
96,Gnni,Walch,Brothers,66412805578,Femenino,1986-06-01,WABG860601EW2,2016-06-25,2019-10-22,5731231700,86266,06:00 a. m.,almacen
97,Biddy,Mailey,Meneur,56058339244,Femenino,2000-04-26,MAMB0004268P1,2017-01-23,2021-02-23,5231697900,53226,10:00 a. m.,rrepartidores
98,Bob,Etock,Woolen,59822402551,Masculino,1962-04-21,EOWB620421CC1,2017-06-08,2019-03-29,5277641200,12209,06:00 a. m.,tienda
99,Haskell,Snowball,Mew,65630720143,Femenino,1966-12-30,SOMH661230KRA,2017-04-16,2020-05-09,5278068700,54077,07:00 a. m.,capacitacion
100,Lark,Pauwel,Baus,51281195196,Femenino,1988-07-03,PABL8807035M7,2016-03-17,2019-07-17,5863840300,41196,08:00 a. m.,rrepartidores
101,Felice,Orteau,Curphey,85241224648,Femenino,1996-06-26,OECF960626TK7,2017-10-29,2018-05-03,5753697300,68450,09:00 a. m.,supervision
102,Aubert,Seaborne,Buske,58694031043,Femenino,1965-02-27,SEBA650227UY5,2017-01-21,2019-03-19,5654627800,70484,07:00 a. m.,tienda
103,Ana,Novotna,Dobrowski,63395836439,Femenino,1971-07-29,NODA710729MS8,2016-05-07,2018-03-30,5319455200,55162,09:00 a. m.,almacen
104,Anthe,Costell,Bauduin,46843985808,Femenino,2001-05-17,COBA010517U73,2017-01-01,2019-08-08,5368611800,65241,08:00 a. m.,supervision
105,Derek,Caudrey,Swire,42681540125,Masculino,1990-09-02,CASD900902C84,2016-05-02,2021-09-27,5668772400,23878,08:00 a. m.,vigilancia
106,Joleen,Stollmeier,Kolczynski,60084695288,Masculino,1984-07-20,SOKJ8407201C6,2016-10-06,2018-10-19,5461076500,28885,09:00 a. m.,rrepartidores
107,Beth,Boultwood,Dake,76148296754,Femenino,1963-10-06,BODB631006M76,2016-06-09,2020-05-23,5170271200,12101,09:00 a. m.,almacen
108,Etan,Chappelow,Belchamber,51572201642,Masculino,1984-01-02,CABE840102IM6,2017-05-31,2020-05-09,5368437800,48427,07:00 a. m.,limpieza
109,Alejoa,Swede,Wickson,88157586179,Femenino,1994-01-27,SEWA940127I53,2017-07-12,2019-02-26,5677764100,19914,10:00 a. m.,capacitacion
110,Aeriell,Snel,Shewring,67597865246,Masculino,1997-04-27,SESA970427JMA,2017-06-06,2018-05-01,5154318800,97256,10:00 a. m.,rrepartidores
111,Frazer,De Gogay,Bennett,77528449570,Masculino,1977-08-26,GOBF770826RF6,2016-01-27,2019-09-07,5865493500,26087,10:00 a. m.,limpieza
112,Minda,Peart,Dalston,95923627891,Femenino,1998-11-20,PEDM981120QW4,2016-06-08,2019-11-19,5908809700,62198,07:00 a. m.,almacen
113,Sean,Bonnette,Isacsson,68534879035,Femenino,1971-08-03,BOIS7108034C2,2017-06-09,2019-06-29,5354383400,66115,10:00 a. m.,vigilancia
114,Ty,Haye,Bowerman,78462384662,Masculino,1993-03-25,HABT930325RA4,2017-08-21,2018-07-27,5339784200,10634,09:00 a. m.,rrepartidores
115,Peri,Maillard,Jermyn,51684542641,Femenino,1975-05-26,MAJP750526JS9,2017-04-17,2020-06-28,5793117200,85939,09:00 a. m.,almacen
116,Lindsy,Kegley,Coning,49536827390,Femenino,1985-04-09,KECL850409HKA,2016-09-04,2021-10-23,5239424500,24713,10:00 a. m.,supervision
117,Zahara,Everitt,Fortnam,43891736368,Masculino,1963-03-12,EEFZ630312B73,2016-11-24,2019-04-23,5256681000,14446,09:00 a. m.,supervision
118,Floria,Dell,Saill,50864103093,Masculino,1989-03-30,DESF890330D44,2016-10-09,2021-09-19,5517755900,74314,09:00 a. m.,rrepartidores
119,Wyatan,Greeno,Glinde,47153136958,Femenino,1990-03-04,GEGW900304G35,2016-12-14,2021-03-02,5849767400,77207,08:00 a. m.,limpieza
120,Mallory,Huntington,Wayt,38063931200,Masculino,1992-03-21,HUWM9203211K5,2017-08-10,2019-09-16,5145741300,61441,07:00 a. m.,capacitacion
121,Julieta,Robel,Knowlden,64358592283,Femenino,1985-01-22,ROKJ850122FC8,2017-07-15,2018-09-13,5246945300,77271,08:00 a. m.,almacen
122,Aurora,Cicchitello,Rosbottom,42209480646,Femenino,1995-05-16,CIRA9505168V8,2016-07-24,2021-11-03,5515462100,51295,07:00 a. m.,supervision
123,Arabela,Dell Casa,Windeatt,46867440778,Femenino,1984-05-26,DEWA840526QD3,2016-12-11,2018-06-30,5904490500,16627,08:00 a. m.,tienda
124,Annalise,Coonan,Vignal,87776440874,Femenino,1969-02-13,COVA6902137N3,2017-11-06,2018-10-25,5827317200,61652,09:00 a. m.,capacitacion
125,Debera,Shillito,Foort,80901729701,Masculino,1973-09-21,SIFD730921SP6,2017-05-25,2018-11-09,5382433800,52795,09:00 a. m.,supervision
126,Barclay,Twidale,Hynard,64586558509,Masculino,1999-07-09,TIHB990709GF9,2017-08-18,2019-08-31,5763098600,72608,10:00 a. m.,vigilancia
127,Pierette,Sindall,Morando,87430772583,Masculino,1996-08-16,SIMP960816UQ4,2015-12-14,2019-07-03,5664891900,29564,08:00 a. m.,limpieza
128,Reece,Scrauniage,Ellingham,47287194647,Femenino,1992-05-02,SAER920502P61,2016-12-24,2018-06-02,5735003600,46312,07:00 a. m.,rrepartidores
129,Malchy,Angerstein,McKain,52612844670,Masculino,1984-03-26,AEMM840326QU8,2017-10-28,2021-08-20,5111583700,42511,07:00 a. m.,supervision
130,Federica,Grazier,Satterfitt,46909348734,Femenino,1984-10-31,GASF841031UL5,2017-05-16,2020-12-28,5665318400,53446,10:00 a. m.,capacitacion
131,Ferd,Valiant,Storrie,92153491251,Masculino,1966-07-05,VASF660705G55,2016-02-26,2019-02-07,5232379900,13580,07:00 a. m.,almacen
132,Glynis,Harrell,Lingner,70674276237,Femenino,1975-05-29,HALG750529GZ3,2017-06-14,2018-01-04,5496771600,72009,06:00 a. m.,capacitacion
133,Ezra,Karp,Gosart,71391337747,Femenino,1997-09-19,KAGE97091982A,2016-12-18,2021-10-16,5602522600,78520,10:00 a. m.,almacen
134,Dolli,Corr,Tedridge,40271130274,Femenino,1970-05-02,COTD7005029Q2,2016-11-26,2020-06-22,5551464400,41779,08:00 a. m.,vigilancia
135,Pyotr,Whitley,Bickardike,85124385477,Masculino,1969-04-25,WIBP690425RH7,2017-04-20,2020-02-13,5757311000,56304,07:00 a. m.,almacen
136,Lockwood,Sully,Greetham,62755048313,Femenino,1983-12-25,SUGL831225S9A,2017-11-06,2018-10-03,5198955500,45340,10:00 a. m.,almacen
137,Dimitry,Halkyard,Osanne,53227463042,Masculino,1992-04-13,HAOD920413AR9,2017-02-19,2021-10-03,5253475300,15833,10:00 a. m.,supervision
138,Chiarra,Draijer,Hawkswood,77753576728,Femenino,1979-10-06,DAHC791006FN5,2017-07-12,2021-06-03,5932763600,79806,09:00 a. m.,vigilancia
139,Tarrah,Rabb,Hilling,86511797873,Femenino,2001-07-31,RAHT0107312F2,2016-07-02,2018-12-20,5847072300,75305,10:00 a. m.,capacitacion
140,Tonya,McGeechan,Dollin,45493373222,Femenino,1991-05-25,MEDT910525C15,2017-02-27,2018-10-18,5944312300,88503,07:00 a. m.,rrepartidores
141,Nerte,Edyson,Bebis,59442232755,Masculino,1972-12-09,EOBN7212097A4,2017-07-07,2021-05-01,5466401300,97133,10:00 a. m.,tienda
142,Tiebold,Bowdidge,Babbe,39110338376,Femenino,1988-04-20,BOBT880420KW6,2016-06-15,2018-02-20,5078132200,20773,06:00 a. m.,tienda
143,Tessie,Odam,Hadcroft,63369195313,Femenino,1976-11-05,OAHT761105RM6,2016-06-30,2020-09-04,5933325800,97603,08:00 a. m.,vigilancia
144,Parnell,Wyld,Lindores,48333746577,Masculino,1994-01-21,WLPA9401212B8,2016-10-17,2019-01-23,5767924200,96634,07:00 a. m.,capacitacion
145,Mureil,Brazel,Balke,37153617235,Femenino,1983-08-28,BABM830828RH5,2016-10-14,2017-12-03,5812367400,63810,07:00 a. m.,almacen
146,Brantley,Clues,Hazel,92103588010,Masculino,1965-02-18,CUHB6502188H8,2016-04-17,2020-01-08,5330161200,64564,06:00 a. m.,supervision
147,Hall,Polle,Deacock,86524218622,Femenino,1989-08-26,PODH8908263Z7,2017-04-28,2019-11-07,5198049800,77526,07:00 a. m.,almacen
148,Mariette,Fonte,Kings,46874793919,Femenino,1969-02-15,FOKM690215DC5,2017-09-15,2020-11-28,5149302300,45640,10:00 a. m.,tienda
149,Leanor,Willmer,Christopherson,54083523336,Masculino,1970-06-17,WICL700617V8A,2017-05-10,2019-04-01,5671694800,71166,06:00 a. m.,capacitacion
150,Tynan,Paulich,Duckels,84005860238,Masculino,1964-04-12,PADT6404122V6,2017-08-06,2018-03-16,5720260100,57910,06:00 a. m.,supervision
151,Freddie,Ivatts,De Anesy,66217357880,Femenino,1972-05-27,IAAF720527EX9,2016-04-25,2018-02-13,5139567100,20435,07:00 a. m.,vigilancia
152,Lenora,Northage,Gutteridge,98247203398,Masculino,1970-11-15,NOGL701115TK5,2016-04-19,2019-12-07,5368814100,46514,10:00 a. m.,capacitacion
153,Doris,Heiden,Espin,61485334441,Masculino,1995-07-18,HEED950718CC2,2017-05-20,2021-09-06,5666922000,53030,09:00 a. m.,capacitacion
154,Gayle,Krikorian,Waye,59588969563,Femenino,1987-11-11,KIWG871111JA6,2016-04-22,2019-07-12,5300122100,82382,08:00 a. m.,tienda
155,Darlene,Prestige,Aves,64191929112,Femenino,1999-03-29,PEAD990329CN0,2016-11-25,2019-02-08,5141762000,39408,10:00 a. m.,limpieza
156,Denis,Sansam,Almon,48229847154,Femenino,1984-04-12,SAAD840412BB2,2016-02-14,2021-09-30,5468205600,69067,07:00 a. m.,limpieza
157,Hannie,Grayne,Monroe,90230488489,Femenino,1994-12-22,GAMH941222Q32,2017-02-18,2020-08-08,5629956100,64643,08:00 a. m.,almacen
158,Page,Touret,Lamberton,41359153695,Femenino,1986-05-17,TOLP860517I44,2016-07-24,2019-12-28,5355494900,19220,07:00 a. m.,rrepartidores
159,Gerhardine,Gannicott,Campbell,60896319520,Femenino,1976-03-09,GACG760309K29,2016-11-15,2017-11-18,5383641600,71897,09:00 a. m.,vigilancia
160,Belvia,Yablsley,Vallance,72570024108,Femenino,1975-05-29,YAVB7505295E6,2016-02-01,2018-03-08,5303737900,93296,06:00 a. m.,tienda
161,Joanna,Beggan,Hallward,81435519527,Femenino,1993-12-24,BEHJ931224LX1,2017-07-07,2020-07-04,5743257100,69046,10:00 a. m.,rrepartidores
162,Rhys,Riggoll,Flawith,96273112003,Femenino,1986-07-26,RIFR8607269K1,2016-11-03,2020-11-18,5542046200,65119,10:00 a. m.,tienda
163,Leon,Dowsett,Reddie,65533224153,Femenino,2001-06-16,DORL010616759,2016-08-07,2021-04-26,5135501300,89649,08:00 a. m.,almacen
164,Greta,Mountfort,Spellman,94305595450,Femenino,2002-02-03,MOSG020203D5A,2017-02-02,2021-10-15,5368001500,79149,07:00 a. m.,limpieza
165,Brenda,Zemler,Treagust,85173225166,Femenino,1963-07-26,ZETB630726MT8,2017-03-08,2021-02-08,5821277700,65457,06:00 a. m.,supervision
166,Emalee,Hailwood,Lowensohn,63422329992,Femenino,1998-02-15,HALE9802159R2,2017-07-19,2018-11-19,5904709100,93598,09:00 a. m.,vigilancia
167,Sella,McComiskey,Glazebrook,86369584085,Femenino,1964-03-02,MOGS640302FY8,2016-04-09,2021-05-15,5629972500,46246,06:00 a. m.,rrepartidores
168,Ariadne,Haward,Eymor,76897891100,Masculino,1971-05-19,HAEA710519F85,2016-04-29,2018-08-11,5245007400,91843,06:00 a. m.,tienda
169,Nariko,Bromley,Strotton,96739497383,Masculino,1990-05-21,BOSN900521JT9,2016-09-12,2020-08-15,5700442100,94879,09:00 a. m.,limpieza
170,Carri,Kaes,Newbegin,63314232116,Masculino,1993-07-09,KANC930709VA4,2017-07-04,2017-12-03,5193224200,61330,07:00 a. m.,almacen
171,Sibley,Santore,Geldard,71059414438,Femenino,1974-12-03,SAGS741203BGA,2016-03-01,2019-10-18,5293613100,66923,10:00 a. m.,rrepartidores
172,Delly,Dunne,Lody,43724413916,Masculino,1976-12-27,DULD761227IZ3,2017-10-20,2018-05-29,5589150700,48589,07:00 a. m.,vigilancia
173,Hillary,Andren,Olifaunt,52165908216,Femenino,1975-02-15,AEOH7502155M4,2016-08-23,2021-09-16,5410050600,98005,07:00 a. m.,rrepartidores
174,Rosaleen,De Bernardis,Dincke,47666766465,Masculino,1986-07-24,BEDR860724AT0,2016-12-16,2019-02-01,5128542700,99429,07:00 a. m.,limpieza
175,Christiana,Biggans,Clousley,77675456557,Masculino,1978-10-14,BICC781014IF8,2016-12-23,2018-07-04,5809211400,50384,07:00 a. m.,vigilancia
176,Janie,McCafferky,Snozzwell,81108838713,Masculino,1996-03-15,MASJ960315R22,2017-03-07,2018-04-23,5127029200,73512,06:00 a. m.,rrepartidores
177,Yves,Kitchingman,Try,74510278715,Masculino,1961-11-26,KITY611126523,2016-05-28,2018-12-06,5607127600,42208,09:00 a. m.,tienda
178,Hashim,Selbach,Clubbe,96370325402,Masculino,1993-06-10,SECH9306109Z8,2017-05-12,2019-12-21,5904781800,39084,06:00 a. m.,vigilancia
179,Tedie,Glasscott,Le Estut,83600270186,Masculino,2002-10-20,GALT0210206G4,2017-10-10,2019-07-31,5810145300,33389,10:00 a. m.,supervision
180,Ferdinande,Elsdon,Royall,77818184895,Masculino,1976-05-31,EORF7605313S1,2017-02-23,2020-02-12,5940461100,88460,06:00 a. m.,supervision
181,Lindon,Elfleet,Fishley,83246237107,Masculino,1992-06-07,EEFL920607RU2,2017-05-30,2019-02-20,5802360800,79666,07:00 a. m.,supervision
182,Fifine,McGillacoell,Leel,42315825388,Femenino,1997-10-26,MILF971026BZ0,2015-12-26,2021-07-17,5673281000,29420,06:00 a. m.,capacitacion
183,Jessie,McTiernan,Littlekit,44570883495,Femenino,1997-09-23,MILJ9709238S3,2017-05-25,2017-12-12,5474671100,42782,08:00 a. m.,supervision
184,Cyndi,Gorst,Booij,72526990626,Femenino,1983-11-09,GOBC831109A43,2017-06-26,2018-12-04,5437880800,58318,07:00 a. m.,tienda
185,Frederico,Karolovsky,Martinovic,79857580790,Femenino,1962-06-07,KAMF620607AB1,2017-04-25,2021-05-31,5699712500,19682,07:00 a. m.,capacitacion
186,Noll,Smowton,Braune,82262119105,Masculino,1990-09-06,SOBN900906915,2017-02-10,2020-03-19,5626148900,83763,09:00 a. m.,almacen
187,Jabez,Fearenside,MacNeish,70617656620,Masculino,1992-04-02,FEMJ920402IBA,2016-11-04,2019-03-26,5582185000,39978,06:00 a. m.,limpieza
188,Ottilie,Hughill,Farmiloe,49700999589,Masculino,1968-06-13,HUFO680613HP5,2016-05-23,2019-07-03,5621197300,85438,09:00 a. m.,almacen
189,Felicdad,Julyan,Savege,64815191589,Femenino,1984-04-07,JUSF840407LN0,2015-12-06,2019-09-24,5909858300,96085,06:00 a. m.,vigilancia
190,Ozzie,Minchell,Haliburton,64499095257,Masculino,1961-04-19,MIHO6104195F0,2016-10-13,2021-10-04,5713989100,50504,09:00 a. m.,capacitacion
191,Eduard,Tunmore,Domegan,80996439701,Femenino,1998-08-20,TUDE980820FZ1,2017-04-03,2021-04-21,5293464600,48022,10:00 a. m.,rrepartidores
192,Aretha,Cheesman,Bellard,99010686174,Masculino,1966-05-18,CEBA660518TY6,2016-08-03,2021-07-31,5373965300,44472,10:00 a. m.,capacitacion
193,Flem,Brugemann,Moughton,85918175256,Masculino,1961-01-05,BUMF6101054YA,2015-12-10,2018-02-05,5144151000,82149,10:00 a. m.,almacen
194,Anderea,Chartman,Aire,42257922416,Masculino,1967-05-06,CAAA6705064C7,2017-06-10,2020-02-19,5125161500,99274,10:00 a. m.,limpieza
195,Jess,Thurgood,Iwanowicz,72688335657,Masculino,1991-08-23,TUIJ910823N59,2017-09-20,2019-04-18,5932647400,78026,07:00 a. m.,vigilancia
196,Andie,Barrim,Guildford,74742548565,Masculino,1962-08-23,BAGA620823TZ6,2016-09-23,2019-09-30,5140181500,48095,06:00 a. m.,supervision
197,Leonora,Ludee,Morales,63632273060,Femenino,1990-10-09,LUML901009AR2,2016-09-24,2018-04-03,5746273300,25784,10:00 a. m.,almacen
198,Wendye,Gallardo,Kembery,46878270711,Masculino,1991-04-19,GAKW910419RX4,2016-04-04,2021-04-22,5213021200,51313,07:00 a. m.,rrepartidores
199,Mayne,MacGilrewy,Scarsbrook,68350064518,Masculino,1984-10-23,MASM8410232P8,2016-11-26,2019-09-29,5857127400,50882,06:00 a. m.,limpieza
200,Obie,Mangon,Brownill,53100766607,Femenino,1973-06-30,MABO730630HC0,2017-01-07,2018-02-15,5098848800,46769,10:00 a. m.,rrepartidores
201,Hilde,Tregensoe,Zoppie,82250836602,Masculino,1991-09-19,TEZH910919A55,2016-12-07,2021-10-19,5127141900,31642,06:00 a. m.,vigilancia
202,Bel,Daniele,Jonas,37564749183,Masculino,1968-11-30,DAJB681130QN1,2017-09-23,2019-07-02,5439183400,11686,10:00 a. m.,capacitacion
203,Roda,Edlyne,Covington,77057484443,Femenino,1999-05-12,EECR99051227A,2016-02-19,2018-01-08,5438875600,34214,10:00 a. m.,almacen
204,Valenka,Housecroft,Vicioso,83657877534,Masculino,1974-10-21,HOVV741021KJA,2016-10-24,2019-12-21,5487928800,97557,08:00 a. m.,rrepartidores
205,Eldridge,Messenger,Olenchenko,50068376673,Femenino,1973-03-03,MEOE730303KF2,2017-06-30,2018-12-29,5227781100,50472,10:00 a. m.,tienda
206,Olia,Matthew,Breens,90455853776,Masculino,1983-09-25,MABO830925T84,2017-05-13,2018-01-23,5820046300,27999,09:00 a. m.,vigilancia
207,Robin,Whayman,Hamprecht,54395685170,Femenino,1970-07-25,WAHR700725AR6,2017-05-31,2017-12-31,5139247600,46568,06:00 a. m.,vigilancia
208,Yule,Jedrysik,Padillo,42258113566,Femenino,1969-06-17,JEPY690617VB0,2016-09-12,2018-03-22,5826311700,70609,09:00 a. m.,almacen
209,Mack,Niblo,Dennistoun,47810443488,Femenino,1977-06-11,NIDM7706117P7,2017-09-25,2018-03-03,5281861600,27086,08:00 a. m.,vigilancia
210,Tades,Delagua,Wrefford,73583389953,Masculino,1967-02-01,DEWT670201BZA,2016-02-07,2021-02-17,5357144100,25250,10:00 a. m.,rrepartidores
211,Reagen,Dudleston,Jaquest,73373175776,Femenino,1977-07-20,DUJR770720MA0,2015-12-18,2018-04-23,5413951000,45343,10:00 a. m.,almacen
212,Appolonia,Parchment,Glyn,95676899695,Masculino,1965-04-25,PAGA650425IK3,2016-02-11,2018-08-05,5578586100,52700,07:00 a. m.,supervision
213,Reggis,Nassi,Spofford,95539714369,Masculino,1995-04-09,NASR950409ME5,2017-09-20,2018-02-03,5245811700,40332,06:00 a. m.,limpieza
214,Pierson,Izaks,Orsay,70371743705,Masculino,1999-08-03,IAOP9908034Q9,2016-04-29,2020-11-23,5427934200,73190,10:00 a. m.,capacitacion
215,Virge,Soall,Zambon,60198829944,Femenino,1968-01-14,SOZV680114RQ7,2017-03-03,2020-10-14,5924379600,56687,10:00 a. m.,rrepartidores
216,Blaire,Glencross,Hadye,86419973676,Masculino,1983-05-13,GEHB830513KV6,2016-11-20,2020-03-04,5209296400,60630,10:00 a. m.,limpieza
217,Bernardine,Whitelock,Wichard,78351770268,Masculino,1970-04-11,WIWB700411V42,2016-09-11,2018-02-26,5634808300,37599,09:00 a. m.,rrepartidores
218,Erin,Faulconbridge,Edens,64302715393,Masculino,2001-03-28,FAEE010328SB6,2016-06-23,2019-04-20,5729749500,77844,10:00 a. m.,rrepartidores
219,Malanie,Malthus,Robatham,48085426896,Masculino,1994-01-14,MARM9401148V4,2017-07-20,2018-06-13,5142321700,41060,10:00 a. m.,capacitacion
220,Darcie,Salmen,Sunter,49145868402,Masculino,1967-10-11,SASD671011PV7,2016-08-27,2021-06-08,5666612700,27171,07:00 a. m.,vigilancia
221,Wilhelm,Furmage,Duggon,41504993464,Femenino,1974-07-05,FUDW740705UJ3,2016-08-04,2021-10-24,5442648100,62674,07:00 a. m.,vigilancia
222,Baldwin,Lardeur,Oakshott,95812683854,Femenino,1977-02-01,LAOB770201QF1,2016-07-16,2017-11-24,5106814000,46862,06:00 a. m.,capacitacion
223,Antonella,Michele,Hambribe,69248587610,Femenino,1985-07-10,MIHA850710J3A,2017-03-06,2019-11-05,5176888800,56380,07:00 a. m.,limpieza
224,Aleda,Vasentsov,MacVay,72436009781,Femenino,1961-06-13,VAMA610613SS6,2016-01-31,2021-11-06,5867550700,94064,08:00 a. m.,supervision
225,Alyss,Marrian,Pflieger,51961720770,Femenino,1971-04-07,MAPA710407TZA,2016-10-01,2018-01-11,5856354800,34036,07:00 a. m.,capacitacion
226,Simona,Siddall,Stockill,95415073741,Femenino,1989-08-02,SISS8908024U9,2017-06-13,2018-07-29,5383273500,33926,10:00 a. m.,capacitacion
227,Melina,Samson,Dewen,91471651780,Masculino,1989-11-06,SADM891106MU8,2016-02-17,2021-02-19,5883366900,75370,08:00 a. m.,rrepartidores
228,Aubrie,Balharry,Jenicek,77645438707,Femenino,1987-05-19,BAJA870519KG6,2015-12-24,2020-10-31,5583441900,96780,06:00 a. m.,rrepartidores
229,Tarah,Ferier,Hucknall,40696143282,Masculino,1985-01-15,FEHT8501158L8,2017-03-06,2021-08-15,5208375300,80042,06:00 a. m.,supervision
230,Shalna,Krzyzanowski,Chuter,45384477434,Masculino,1969-10-08,KACS691008IB2,2016-05-17,2018-05-17,5632725000,25127,09:00 a. m.,capacitacion
231,Darci,Cozby,Trevaskus,85761093135,Femenino,1994-03-19,COTD940319IL4,2017-05-25,2018-01-04,5116217900,16088,10:00 a. m.,almacen
232,Hershel,Lemmanbie,Queste,62060256163,Femenino,1983-05-26,LEQH830526T59,2016-04-16,2018-09-03,5377047600,75723,09:00 a. m.,almacen
233,Virginia,Burree,Robley,37851052852,Masculino,1972-02-18,BURV720218J97,2016-06-04,2021-01-04,5220751900,12415,10:00 a. m.,rrepartidores
234,Verine,McIndrew,Roscamps,87009581054,Femenino,1968-10-05,SUEJ6810057L8,2017-05-22,2020-01-26,5108682800,65945,10:00 a. m.,tienda
235,Roxanne,Ivimey,Dukesbury,57717221983,Masculino,1964-06-28,MIRV640628LF3,2016-12-28,2020-11-06,5638447600,89828,08:00 a. m.,limpieza
236,Jillane,Shuttlewood,Ettels,21112680704,Femenino,1967-07-29,IIDR6707299M2,2016-09-09,2021-07-26,5846161400,93294,06:00 a. m.,vigilancia
237,Hamlin,Rilton,Cattle,45163600702,Femenino,1970-01-14,RICH7001144P9,2016-06-24,2021-08-26,5745826800,89960,09:00 a. m.,tienda
238,Lolly,Andreu,Grunwall,54897872895,Masculino,1971-07-18,AEGL710718T19,2016-07-13,2021-09-08,5448513000,74421,10:00 a. m.,supervision
239,Farrel,Milward,Kinchin,35757533332,Femenino,1985-12-29,MIKF851229VC8,2017-07-04,2019-02-26,5677558300,23871,10:00 a. m.,limpieza
240,Rod,Bernardelli,Burchett,51583731508,Masculino,1982-10-16,BEBR8210164R9,2015-12-23,2019-01-12,5456965100,98009,09:00 a. m.,capacitacion
241,Starr,Awin,Bullivant,41625627058,Femenino,1990-02-28,AIBS900228EL3,2017-09-07,2018-08-05,5872722900,54817,07:00 a. m.,supervision
242,Barbey,Nutbrown,Jales,78955241201,Masculino,2001-01-01,NUJB010101FG4,2017-02-02,2020-08-12,5633453100,79983,06:00 a. m.,supervision
243,Astrid,Plowes,Pittel,60710377795,Femenino,1992-11-09,POPA921109LI7,2017-08-12,2019-01-02,5382857700,55097,07:00 a. m.,tienda
244,Kaitlyn,Spoure,Hemshall,49635875379,Femenino,1995-07-12,SOHK9507123H4,2017-03-01,2020-10-03,5544857100,43709,06:00 a. m.,supervision
245,Theda,Fettiplace,Worsfield,96424236485,Femenino,1998-12-03,FEWT9812039A5,2017-03-14,2021-08-02,5456563200,65996,10:00 a. m.,limpieza
246,Alexandros,MacDaid,Duffit,37810067258,Femenino,1979-01-13,MADA790113PK1,2017-05-19,2018-01-06,5662111700,87777,08:00 a. m.,rrepartidores
247,Rubetta,L'Amie,Bratcher,80431225188,Masculino,1982-08-26,LABR8208269H9,2016-05-20,2018-11-06,5677990900,59183,08:00 a. m.,capacitacion
248,Lee,Manssuer,Schutter,99932390137,Masculino,1985-05-15,MASL850515815,2016-09-25,2021-07-04,5554209300,77023,08:00 a. m.,limpieza
249,Kingsly,Reding,Klimes,55758302760,Femenino,1999-02-26,REKK990226MG5,2017-01-28,2019-01-13,5703497200,88356,09:00 a. m.,tienda
250,Boote,Ebunoluwa,Matczak,84732444825,Femenino,1991-09-08,EUMB910908H60,2017-06-03,2018-02-18,5815024100,98567,07:00 a. m.,tienda
251,Pearla,Stonnell,Kleinhandler,99345687067,Femenino,1991-04-18,SOKP910418AC3,2016-10-29,2021-10-19,5489561600,86996,08:00 a. m.,capacitacion
252,Moise,Oxborrow,Derx,50683670691,Masculino,1978-08-21,OODM780821HM4,2016-11-03,2021-09-27,5748308500,76726,06:00 a. m.,limpieza
253,Dynah,Lilley,Tait,35973942697,Masculino,1981-08-03,LITD810803TJ4,2017-02-06,2018-05-30,5546825200,88875,10:00 a. m.,tienda
254,Kennith,Rany,Lavens,67883479810,Femenino,1992-09-04,RALK9209048R4,2017-08-05,2020-09-13,5396844000,64021,07:00 a. m.,limpieza
255,Calida,Pindell,Yegorkov,70747988447,Masculino,1967-01-01,PIYC670101UE9,2017-09-17,2019-03-22,5676403700,61185,10:00 a. m.,vigilancia
256,Neysa,Devita,Eckels,81612339240,Femenino,1968-11-25,DEEN681125T15,2016-07-21,2019-04-20,5278059000,18117,09:00 a. m.,limpieza
257,Hildagard,Ravel,Merwede,58542283240,Masculino,1962-11-10,RAMH621110N1A,2017-06-04,2020-08-25,5350853600,17047,07:00 a. m.,supervision
258,Ginnifer,Caudray,Anan,42809002690,Femenino,1970-01-19,CAAG700119AL9,2016-07-19,2019-10-12,5804370400,53840,09:00 a. m.,limpieza
259,Clarice,Buffery,Cloughton,54488059398,Masculino,1997-09-14,BUCC970914G74,2016-06-26,2020-05-14,5650257900,88848,06:00 a. m.,almacen
260,Lorianne,Lanceter,McIlwraith,35814484130,Femenino,1989-09-04,LAML890904SPA,2017-04-08,2020-05-30,5390249500,27550,08:00 a. m.,almacen
261,Birch,Lathaye,Mandel,47572786856,Femenino,1963-06-14,LAMB630614L46,2016-10-11,2018-05-28,5363675600,62195,06:00 a. m.,limpieza
262,Shawn,Messer,Dominelli,51683042034,Femenino,1995-01-31,MEDS950131GV1,2017-06-26,2019-03-16,5123508200,78575,10:00 a. m.,rrepartidores
263,Adrianna,Iscowitz,Broxap,91960074614,Femenino,1996-12-10,IOBA961210SI3,2017-11-07,2019-04-14,5506983900,15115,10:00 a. m.,limpieza
264,Chev,Creagh,Middlemiss,51080656974,Masculino,2001-09-04,CEMC010904B73,2017-09-20,2021-02-22,5155574800,49086,08:00 a. m.,rrepartidores
265,Idell,Crome,Brum,82808940960,Femenino,1978-03-31,COBI780331LTA,2015-12-18,2020-03-20,5139351600,78565,07:00 a. m.,tienda
266,Rudolph,Kolyagin,Randal,79687204691,Masculino,1982-02-18,KORR8202182V9,2016-08-13,2018-11-08,5564306400,61088,06:00 a. m.,tienda
267,Jacquetta,Cutchey,Clunan,60574268435,Masculino,1961-07-05,CUCJ610705I22,2016-12-23,2018-09-07,5452864000,14755,10:00 a. m.,vigilancia
268,Zechariah,Youngman,Lyttle,65527034360,Masculino,1964-12-12,YOLZ641212MD6,2015-11-28,2019-09-12,5303908900,51340,08:00 a. m.,almacen
269,Jocko,Antognoni,Frangleton,58953362107,Masculino,1979-09-19,AOFJ790919C80,2017-09-04,2020-01-31,5451212300,21146,10:00 a. m.,vigilancia
270,Hillie,Goodrich,Westmarland,58078733786,Femenino,1985-09-09,GOWH850909L1A,2015-11-22,2019-08-26,5251312100,48400,10:00 a. m.,vigilancia
271,Glynn,Tassell,Inder,48878872067,Masculino,1978-02-06,TAIG7802064A4,2016-06-10,2021-06-15,5404646900,97523,09:00 a. m.,almacen
272,Robina,Cuberley,Tillman,82472453036,Femenino,1986-01-24,CUTR860124TG7,2017-04-27,2018-12-27,5171538400,42270,10:00 a. m.,almacen
273,Cindee,Meffen,Bent,90687381563,Femenino,1980-08-19,MEBC800819CK3,2016-09-12,2018-07-03,5851662800,91028,10:00 a. m.,almacen
274,Theo,Clothier,Kuhnel,67104017905,Masculino,1963-04-17,COKT630417BQA,2017-06-04,2019-03-30,5641003500,77051,08:00 a. m.,rrepartidores
275,Lia,Harker,Burhouse,42516451102,Femenino,1986-05-22,HABL860522AS7,2016-12-01,2018-06-29,5444190700,41581,09:00 a. m.,rrepartidores
276,Jerrylee,Noakes,Mattecot,56611628890,Masculino,1991-05-02,NOMJ9105021A7,2016-04-09,2019-04-03,5237908500,73669,09:00 a. m.,vigilancia
277,Emmett,Kitney,Amort,53832797028,Femenino,1981-03-04,KIAE810304HGA,2016-09-26,2020-06-14,5226139600,48335,06:00 a. m.,almacen
278,Porty,Coupe,McGrath,58620268031,Femenino,1979-09-16,COMP790916PX9,2017-01-29,2021-07-12,5286597100,79143,08:00 a. m.,capacitacion
279,Deeanne,Wilde,Bouskill,55312811775,Masculino,1980-02-10,WIBD8002106I6,2015-11-24,2020-09-26,5216598500,85564,09:00 a. m.,rrepartidores
280,Teresa,Olijve,Byrch,48552158387,Femenino,1988-08-01,OIBT8808017Q7,2016-01-09,2021-06-07,5316388400,37782,06:00 a. m.,limpieza
281,Clarey,Pipkin,Habbergham,75050096143,Masculino,1986-05-05,PIHC860505283,2017-07-23,2020-07-14,5621279700,85011,07:00 a. m.,tienda
282,Rosalinde,Wartnaby,Wikey,75436748338,Masculino,1972-12-12,WAWR721212I3A,2016-05-18,2020-07-20,5668990500,59045,06:00 a. m.,almacen
283,Tannie,Lead,Barrand,76134170166,Masculino,1988-09-07,LEBT880907BV0,2017-05-27,2021-10-26,5461770200,37531,08:00 a. m.,limpieza
284,Wyatan,Clemonts,Kanwell,84634348948,Femenino,2000-09-16,CEKW000916HW4,2016-05-30,2021-05-09,5499778000,92984,07:00 a. m.,vigilancia
285,Gerald,Fellow,Paylie,74457425417,Masculino,1985-08-19,FEPG8508199Q9,2017-04-22,2020-11-09,5622563300,27050,07:00 a. m.,vigilancia
286,Edd,de Lloyd,Wisden,39503502373,Masculino,1974-05-16,LOWE740516MI1,2017-07-31,2019-06-24,5942719000,31733,08:00 a. m.,rrepartidores
287,Tamiko,Tew,Siggs,68055251562,Femenino,1988-03-13,TEST880313E66,2017-02-23,2019-05-25,5921547300,45984,08:00 a. m.,rrepartidores
288,Brit,Pattisson,Simek,92549385573,Masculino,1963-11-13,PASB631113G88,2017-03-30,2017-12-27,5392139800,70261,06:00 a. m.,limpieza
289,Terri-jo,Tresvina,Hawkswood,83810453403,Masculino,1994-10-12,TEHT9410123I9,2017-01-02,2018-08-26,5398638600,11388,09:00 a. m.,supervision
290,Javier,Geare,Shrimptone,61325313779,Femenino,1975-06-30,GESJ7506306F2,2016-11-12,2018-10-04,5578823200,70533,06:00 a. m.,capacitacion
291,Trina,Mattaser,Euesden,44355994243,Masculino,2001-03-26,MAET0103269LA,2016-08-01,2017-11-30,5233319900,32330,09:00 a. m.,vigilancia
292,Marquita,Kyrkeman,Katt,50274194327,Femenino,1990-06-19,KEKM900619QZ9,2017-05-25,2020-11-16,5480506400,48333,08:00 a. m.,rrepartidores
293,Selma,Tollerton,Radish,73515688356,Femenino,1981-03-07,TORS810307L16,2015-12-23,2020-12-15,5398972400,32648,08:00 a. m.,capacitacion
294,Con,De Gregorio,Ciccone,73344700071,Masculino,1993-04-14,GECC930414RI4,2017-08-04,2021-07-05,5836138000,39719,06:00 a. m.,vigilancia
295,Britt,Atwill,O'Howbane,39417758133,Femenino,1962-08-22,AIOB620822MK6,2016-03-22,2020-10-28,5071036900,58405,07:00 a. m.,rrepartidores
296,Constantin,Goulston,Duny,51995958285,Femenino,1983-12-05,GODC831205H94,2016-02-14,2019-12-29,5659821100,20504,10:00 a. m.,rrepartidores
297,Ephraim,Duigan,Shirlaw,40734728060,Masculino,1961-10-29,DUSE6110291Z9,2017-09-05,2018-04-20,5557611500,58204,08:00 a. m.,vigilancia
298,Stewart,Coleby,Rose,69435810065,Femenino,2001-11-15,CORS011115DB5,2016-08-01,2021-11-10,5897545200,67353,06:00 a. m.,rrepartidores
30,Xaviera,Kluge,Bearcroft,90484480787,Otro,1989-02-07,KUBX890207QE0,2016-06-04,2019-05-23,5663211500,21328,08:00 a. m.,tienda
299,Luis,Apaez,Alvarez,89435810065,Masculino,1997-11-14,CORS011115DB5,2016-08-01,NULL,5542509600,13000,06:00 a. m.,vigilancia
300,Luisa,Apaeza,Alvareza,89435810065,Femenino,1997-11-14,CORS011115DB5,2016-09-01,NULL,5542509600,13000,06:00 a. m.,tienda
301,Luisa,Apaeza,Alvareza,89435810065,Femenino,1997-11-14,CORS011115DB5,2016-09-01,NULL,5542509600,13000,06:00 a. m.,tienda
302,Naruto,Namikaze,Uzumaki,89435810065,Masculino,1992-11-14,CORS011115DB5,2002-01-21,NULL,5542509600,25000,6:00 a. m.,tienda
